Player,Nation,Pos,Age,cum_MP,cum_Min,cum_Gls,cum_Ast,cum_PK,cum_CrdY,cum_CrdR,cum_GlsxMin,cum_AstxMin,cum_G+AxMin,Season
Quim,pt POR,GK,31,30.0,2639.0,0.0,0.0,0.0,1.0,1.0,0.0,0.0,0.0,2007
Rui Costa,pt POR,MF,35,29.0,2382.0,5.0,5.0,0.0,6.0,0.0,0.19,0.19,0.38,2007
Kostas Katsouranis,gr GRE,DFMF,28,27.0,2320.0,2.0,1.0,0.0,9.0,0.0,0.08,0.04,0.12,2007
Léo,br BRA,DF,32,27.0,2323.0,0.0,3.0,0.0,2.0,0.0,0.0,0.12,0.12,2007
Óscar Cardozo,py PAR,FW,24,29.0,2283.0,13.0,1.0,3.0,2.0,0.0,0.51,0.04,0.55,2007
Cristian Rodríguez,uy URU,MF,21,24.0,1940.0,6.0,4.0,0.0,3.0,0.0,0.28,0.19,0.46,2007
Maxi Pereira,uy URU,DF,23,23.0,1750.0,2.0,2.0,0.0,6.0,0.0,0.1,0.1,0.21,2007
Nuno Gomes,pt POR,FW,31,25.0,1570.0,7.0,0.0,1.0,2.0,0.0,0.4,0.0,0.4,2007
Luisão,br BRA,DF,26,19.0,1687.0,3.0,0.0,0.0,6.0,0.0,0.16,0.0,0.16,2007
Nélson Marcos,pt POR,DF,24,19.0,1506.0,0.0,1.0,0.0,2.0,1.0,0.0,0.06,0.06,2007
Petit,pt POR,MF,30,17.0,1407.0,1.0,2.0,0.0,5.0,0.0,0.06,0.13,0.19,2007
Edcarlos,br BRA,DF,22,16.0,1312.0,0.0,0.0,0.0,2.0,0.0,0.0,0.0,0.0,2007
Luís Filipe,pt POR,DFMF,28,19.0,1316.0,0.0,1.0,0.0,3.0,0.0,0.0,0.07,0.07,2007
Gilles Binya,cm CMR,MF,22,16.0,1221.0,0.0,0.0,0.0,8.0,1.0,0.0,0.0,0.0,2007
Ángel Di María,ar ARG,FWMF,19,26.0,1410.0,0.0,4.0,0.0,5.0,0.0,0.0,0.26,0.26,2007
Nuno Assis,pt POR,MF,29,17.0,713.0,1.0,0.0,0.0,4.0,0.0,0.13,0.0,0.13,2007
David Luiz,br BRA,DFMF,20,8.0,675.0,0.0,0.0,0.0,0.0,0.0,0.0,0.0,0.0,2007
László Sepsi,ro ROU,DF,20,7.0,216.0,0.0,1.0,0.0,1.0,0.0,0.0,0.42,0.42,2007
Ariza Makukula,pt POR,FW,26,3.0,120.0,0.0,0.0,0.0,0.0,0.0,0.0,0.0,0.0,2007
Fábio Coentrão,pt POR,DF,19,3.0,104.0,0.0,0.0,0.0,0.0,0.0,0.0,0.0,0.0,2007
Marco Zoro,ci CIV,DF,23,2.0,75.0,1.0,0.0,0.0,0.0,0.0,1.2,0.0,1.2,2007
Mantorras,ao ANG,FW,25,9.0,155.0,1.0,0.0,0.0,0.0,0.0,0.58,0.0,0.58,2007
Freddy Adu,us USA,FWMF,18,11.0,143.0,2.0,0.0,0.0,1.0,0.0,1.26,0.0,1.26,2007
Hans-Jörg Butt,de GER,GK,33,1.0,61.0,0.0,0.0,0.0,0.0,0.0,0.0,0.0,0.0,2007
Gonzalo Bergessio,ar ARG,FW,23,3.0,60.0,0.0,0.0,0.0,0.0,0.0,0.0,0.0,0.0,2007
Romeu Ribeiro,pt POR,MF,18,5.0,55.0,0.0,0.0,0.0,1.0,0.0,0.0,0.0,0.0,2007
Andrés Díaz,ar ARG,MF,24,1.0,1.0,0.0,0.0,0.0,0.0,0.0,0.0,0.0,0.0,2007
Maxi Pereira,uy URU,DF,24,27.504504504504503,2443.6936936936936,1.099099099099099,0.19819819819819817,0.0,5.0990990990990985,0.0,0.04594594594594595,0.00990990990990991,0.05684684684684684,2008
Rúben Amorim,pt POR,MF,23,26.0,1883.0,2.0,2.0,0.0,5.0,0.0,0.1,0.1,0.19,2008
Sidnei,br BRA,DF,18,24.0,1993.0,3.0,0.0,0.0,1.0,0.0,0.14,0.0,0.14,2008
Óscar Cardozo,py PAR,FW,25,26.297297297297295,1931.6486486486483,16.603603603603602,2.8018018018018016,3.9009009009009006,1.099099099099099,0.0,0.7802702702702703,0.13009009009009007,0.9103603603603603,2008
Luisão,br BRA,DF,27,20.801801801801798,1869.8828828828825,2.099099099099099,0.0,0.0,5.0990990990990985,0.0,0.10594594594594595,0.0,0.10594594594594595,2008
Kostas Katsouranis,gr GRE,DFMF,29,24.2972972972973,1864.1441441441439,1.9999999999999998,0.09909909909909909,0.0,9.900900900900899,0.9009009009009008,0.09801801801801802,0.003963963963963963,0.10198198198198198,2008
José Antonio Reyes,es ESP,MF,24,24.0,1701.0,4.0,0.0,2.0,6.0,1.0,0.21,0.0,0.21,2008
Pablo Aimar,ar ARG,MF,28,22.0,1682.0,1.0,5.0,0.0,6.0,0.0,0.05,0.27,0.32,2008
Hassan Yebda,dz ALG,MF,24,25.0,1661.0,1.0,1.0,0.0,7.0,0.0,0.05,0.05,0.11,2008
David Luiz,br BRA,DFMF,21,17.909909909909906,1459.6846846846845,1.8018018018018016,0.0,0.0,3.603603603603603,0.0,0.10810810810810809,0.0,0.10810810810810809,2008
Carlos Martins,pt POR,MF,26,24.0,1333.0,0.0,3.0,0.0,2.0,0.0,0.0,0.2,0.2,2008
Quim,pt POR,GK,32,17.387387387387385,1558.8198198198195,0.0,0.0,0.0,2.8018018018018016,0.09909909909909909,0.0,0.0,0.0,2008
Miguel Vítor,il ISR,DF,19,16.0,1359.0,0.0,0.0,0.0,5.0,1.0,0.0,0.0,0.0,2008
José Moreira,pt POR,GK,26,14.0,1260.0,0.0,0.0,0.0,2.0,0.0,0.0,0.0,0.0,2008
Jorge Ribeiro,pt POR,DFMF,26,15.0,1166.0,1.0,0.0,0.0,1.0,0.0,0.08,0.0,0.08,2008
Ángel Di María,ar ARG,FWMF,20,24.1981981981982,1257.7477477477478,1.8018018018018016,1.2972972972972971,0.0,2.297297297297297,0.0,0.13513513513513511,0.08882882882882882,0.22396396396396392,2008
Nuno Gomes,pt POR,FW,32,24.0990990990991,1215.0450450450448,6.999999999999999,0.9009009009009008,0.09909909909909909,1.099099099099099,0.9009009009009008,0.5261261261261261,0.07207207207207207,0.5891891891891892,2008
David Suazo,hn HON,FW,28,12.0,905.0,4.0,7.0,0.0,2.0,0.0,0.4,0.7,1.09,2008
Jonathan Urretaviscaya,uy URU,FWMF,18,10.0,368.0,1.0,0.0,0.0,2.0,0.0,0.24,0.0,0.24,2008
Gilles Binya,cm CMR,MF,23,7.891891891891891,344.4234234234234,0.0,0.0,0.0,3.4954954954954953,0.9999999999999999,0.0,0.0,0.0,2008
Léo,br BRA,DF,33,4.477477477477477,371.6486486486486,0.0,0.29729729729729726,0.0,0.19819819819819817,0.0,0.0,0.01189189189189189,0.01189189189189189,2008
Javier Balboa,gq EQG,FWMF,23,10.0,156.0,0.0,1.0,0.0,0.0,0.0,0.0,0.58,0.58,2008
Mantorras,ao ANG,FW,26,5.396396396396396,76.62162162162161,1.9009009009009006,0.0,0.0,0.0,0.0,2.4448648648648645,0.0,2.4448648648648645,2008
Fellipe Bastos,br BRA,MF,18,1.0,63.0,1.0,0.0,0.0,1.0,0.0,1.43,0.0,1.43,2008
Quim,pt POR,GK,33,28.627573300062377,2575.8238124944296,0.0,0.0,0.0,1.1960609571339451,0.010783352642366989,0.0,0.0,0.0,2009
David Luiz,br BRA,DFMF,22,27.793244808840562,2484.829783441761,2.869619463505926,1.7823723375813205,0.0,7.521611264593172,0.0,0.10088227430710274,0.06238303181534623,0.163265306122449,2009
Luisão,br BRA,DF,28,27.21673647624989,2449.258265751715,3.793155690223687,0.8911861687906603,0.0,6.793155690223688,0.0,0.13629444791016843,0.03564744675162641,0.17194189466179483,2009
Óscar Cardozo,py PAR,FW,26,28.705908564299076,2351.7104536137595,24.977542108546473,5.651991801087246,5.771588984938952,3.684341859014348,0.8911861687906603,0.9493547812137954,0.2102165582390161,1.1684832011407182,2009
Ángel Di María,ar ARG,FWMF,21,25.803939042866052,2141.1380447375454,4.651991801087247,9.944211745833703,0.0,8.270653239461721,0.8911861687906603,0.19294180554317794,0.40178771945459396,0.594729524997772,2009
Javi García,es ESP,DFMF,22,26.0,2218.0,3.0,2.0,0.0,9.0,0.0,0.12,0.08,0.2,2009
Javier Saviola,ar ARG,FW,27,27.0,2058.0,11.0,4.0,0.0,4.0,0.0,0.48,0.17,0.66,2009
Ramires,br BRA,MF,22,26.0,1945.0,4.0,3.0,0.0,2.0,0.0,0.19,0.14,0.32,2009
Maxi Pereira,uy URU,DF,25,25.27252473041618,2007.2854469298634,1.901969521433027,3.586311380447375,0.0,8.575528027805007,0.0,0.08520630959807503,0.16149184564655555,0.2557178504589609,2009
Pablo Aimar,ar ARG,MF,29,24.7027027027027,1670.2882882882882,3.702702702702702,7.702702702702702,0.0,3.2972972972972974,0.0,0.20315315315315313,0.4141441441441441,0.6172972972972972,2009
Fábio Coentrão,pt POR,DF,21,23.203190446484268,1620.4067373674359,0.0,5.347117012743961,0.0,8.911861687906603,0.0,0.0,0.2673558506371981,0.2673558506371981,2009
Rúben Amorim,pt POR,MF,24,24.1981981981982,1424.4414414414414,2.9009009009009006,0.19819819819819817,0.0,4.0990990990990985,0.0,0.1900900900900901,0.00990990990990991,0.199009009009009,2009
Carlos Martins,pt POR,MF,27,17.693693693693692,907.7747747747746,2.7027027027027026,2.099099099099099,0.0,2.9009009009009006,0.9009009009009008,0.27927927927927926,0.20900900900900898,0.4882882882882883,2009
César Peixoto,pt POR,DFMF,29,15.0,918.0,0.0,2.0,0.0,3.0,0.0,0.0,0.2,0.2,2009
José Shaffer,ar ARG,DF,23,4.0,333.0,0.0,0.0,0.0,0.0,0.0,0.0,0.0,0.0,2009
Weldon,br BRA,FW,28,12.0,408.0,5.0,0.0,0.0,0.0,0.0,1.1,0.0,1.1,2009
Sidnei,br BRA,DF,19,6.882882882882882,429.9369369369369,0.29729729729729726,0.0,0.0,0.09909909909909909,0.0,0.013873873873873873,0.0,0.013873873873873873,2009
Airton,br BRA,DFMF,19,4.0,234.0,0.0,0.0,0.0,0.0,0.0,0.0,0.0,0.0,2009
Éder Luís,br BRA,FWMF,24,6.0,215.0,1.0,0.0,0.0,0.0,0.0,0.42,0.0,0.42,2009
Nuno Gomes,pt POR,FW,33,14.207735495945101,330.05703591480255,3.4352553248373576,0.09803047856697263,0.010783352642366989,0.1195971838517066,0.09803047856697263,1.1444969254077173,0.00784243828535781,1.1513590589074054,2009
Keirrison,br BRA,FW,20,5.0,187.0,0.0,0.0,0.0,0.0,0.0,0.0,0.0,0.0,2009
Miguel Vítor,il ISR,DF,20,3.387387387387387,227.46846846846842,0.0,0.0,0.0,0.49549549549549543,0.09909909909909909,0.0,0.0,0.0,2009
Jonathan Urretaviscaya,uy URU,FWMF,19,1.8918918918918917,95.02702702702702,0.09909909909909909,0.0,0.0,0.19819819819819817,0.0,0.02378378378378378,0.0,0.02378378378378378,2009
Felipe Menezes,br BRA,MF,21,5.0,138.0,0.0,0.0,0.0,0.0,0.0,0.0,0.0,0.0,2009
Alan Kardec,br BRA,FW,20,8.0,103.0,0.0,0.0,0.0,0.0,0.0,0.0,0.0,0.0,2009
Luís Filipe,pt POR,DFMF,30,1.096069868995633,36.470546297121466,0.0,0.010783352642366989,0.0,0.03235005792710097,0.0,0.0,0.0007548346849656893,0.0007548346849656893,2009
Roberto,es ESP,GK,24,25.0,2227.0,0.0,0.0,0.0,2.0,0.0,0.0,0.0,0.0,2010
Javi García,es ESP,DFMF,23,24.1981981981982,2100.8828828828828,2.099099099099099,1.099099099099099,0.0,8.099099099099098,0.9009009009009008,0.09297297297297297,0.04396396396396396,0.13693693693693693,2010
Javier Saviola,ar ARG,FW,28,24.2972972972973,1877.8198198198195,9.198198198198197,7.603603603603602,0.9009009009009008,2.198198198198198,0.0,0.4439639639639639,0.36819819819819816,0.804144144144144,2010
Fábio Coentrão,pt POR,DF,22,23.022324468525436,2018.823073246154,1.780260647961468,3.2578769857694865,0.0,7.210055624243946,1.780260647961468,0.08011172915826606,0.14509124280885966,0.2252029719671257,2010
Maxi Pereira,uy URU,DF,26,25.920072527818796,2039.9661839489918,0.20896877511836506,3.064417841416162,0.0,10.733624049897145,0.0,0.009361589630337777,0.1334599988784358,0.14381257949976456,2010
Luisão,br BRA,DF,29,23.463291470504192,2076.0637698265405,1.3068831107562457,0.9880446596186148,0.0,6.087143758717714,1.780260647961468,0.050579839794344286,0.03952178638474459,0.09900292941889621,2010
Nicolás Gaitán,ar ARG,MF,22,26.0,1956.0,7.0,4.0,0.0,2.0,0.0,0.32,0.18,0.51,2010
Pablo Aimar,ar ARG,MF,30,23.185277604491574,1652.207646377328,4.8588361108635585,6.185277604491578,0.0,4.814722395508421,0.0,0.2627261384903306,0.3391560466981552,0.6018821851884858,2010
Óscar Cardozo,py PAR,FW,27,22.73677600137436,1840.1432513434293,13.425838346992382,4.181503803971939,1.5242529358723411,2.1850580943555946,0.9880446596186148,0.6472847998675485,0.20112248994375265,0.8493864331676801,2010
David Luiz,br BRA,DFMF,23,17.295719986363203,1554.795109802026,0.315284160753976,1.0859589952564954,0.0,5.277048612687384,0.0,0.0110839027942081,0.06026182293349569,0.0713457257277038,2010
Carlos Martins,pt POR,MF,28,24.204972818821847,1237.7143748329024,2.9676499420728986,1.1195971838517065,0.0,6.553961322520274,0.09803047856697263,0.21753854380180015,0.08512610284288388,0.30266464664468407,2010
Sidnei,br BRA,DF,20,15.007931556902236,1106.4034399786115,2.7059085642990817,0.8911861687906603,0.0,0.9019695214330272,0.8911861687906603,0.20648248819178325,0.07129489350325283,0.26886552000712943,2010
Eduardo Salvio,ar ARG,FWMF,20,19.0,1166.0,4.0,3.0,0.0,4.0,0.0,0.31,0.23,0.54,2010
Franco Jara,ar ARG,FW,22,25.0,1013.0,6.0,1.0,0.0,3.0,0.0,0.53,0.09,0.62,2010
César Peixoto,pt POR,DFMF,30,15.900900900900899,900.8828828828828,0.0,0.19819819819819817,0.0,3.9009009009009006,0.0,0.0,0.01981981981981982,0.01981981981981982,2010
Alan Kardec,br BRA,FW,21,11.603603603603602,741.7387387387387,2.7027027027027026,0.0,0.9009009009009008,0.9009009009009008,0.0,0.29729729729729726,0.0,0.29729729729729726,2010
Airton,br BRA,DFMF,20,13.909909909909908,704.2702702702702,0.0,0.0,0.0,3.603603603603603,0.0,0.0,0.0,0.0,2010
Rúben Amorim,pt POR,MF,25,12.436146511006148,756.5495945102931,0.31565814098565187,0.021566705284733978,0.0,3.1195971838517065,0.0,0.020684430977631226,0.0010783352642366989,0.021654932715444254,2010
Lionel Carole,fr FRA,DFMF,19,6.0,491.0,0.0,0.0,0.0,0.0,0.0,0.0,0.0,0.0,2010
Jardel,br BRA,DF,24,8.0,487.0,0.0,0.0,0.0,2.0,1.0,0.0,0.0,0.0,2010
Roderick Miranda,pt POR,DF,19,5.0,380.0,0.0,0.0,0.0,1.0,0.0,0.0,0.0,0.0,2010
Felipe Menezes,br BRA,MF,22,6.801801801801801,279.44144144144144,0.0,0.0,0.0,0.9009009009009008,0.0,0.0,0.0,0.0,2010
Júlio César,br BRA,GK,23,4.0,292.0,0.0,0.0,0.0,0.0,1.0,0.0,0.0,0.0,2010
Luís Filipe,pt POR,DFMF,31,2.7908158133432317,222.0889364811902,0.0,0.0011847634612183568,0.0,0.8936846143643891,0.0,0.0,8.293344228528499e-05,8.293344228528499e-05,2010
José Moreira,pt POR,GK,28,1.9333392745744584,174.00053471170125,0.0,0.0,0.0,0.021566705284733978,0.0,0.0,0.0,0.0,2010
José Luis Fernández,ar ARG,MF,22,2.0,83.0,0.0,0.0,0.0,0.0,0.0,0.0,0.0,0.0,2010
Nuno Gomes,pt POR,FW,34,6.011650915810584,87.00068807074044,3.937951685506275,0.01077057692016688,0.0011847634612183568,0.013140103842603595,0.01077057692016688,5.751369153957832,0.0008616461536133504,5.7521230943422434,2010
Weldon,br BRA,FW,29,4.792792792792792,72.86486486486486,0.49549549549549543,0.0,0.0,0.0,0.0,0.109009009009009,0.0,0.109009009009009,2010
Artur Moraes,br BRA,GK,30,29.0,2610.0,0.0,0.0,0.0,3.0,0.0,0.0,0.0,0.0,2011
Óscar Cardozo,py PAR,FW,28,28.311135135762477,2404.284843204528,19.276936450689234,4.019962816803162,4.617717643504421,4.6903967391085235,1.8886994176929919,0.7209025136060719,0.15562274111580796,0.8677328031185675,2011
Luisão,br BRA,DF,30,24.830984088581847,2230.869507842811,1.0337527433913076,0.1086707501532983,0.0,7.789613231900062,1.0858174871992132,0.04116363072838925,0.004346830006131932,0.046489476501668014,2011
Maxi Pereira,uy URU,DF,27,25.10119478995221,2221.5592048081494,0.022983569952692445,2.1170707054354185,0.0,10.970702463660249,0.0,0.001029640672465994,0.08587983359330802,0.08701846907014625,2011
Axel Witsel,be BEL,DFMF,22,29.0,2281.0,1.0,3.0,1.0,5.0,0.0,0.04,0.12,0.16,2011
Ezequiel Garay,ar ARG,DF,24,24.0,2140.0,2.0,0.0,0.0,3.0,0.0,0.08,0.0,0.08,2011
Emerson,br BRA,DF,25,24.0,2093.0,0.0,1.0,0.0,6.0,1.0,0.0,0.04,0.04,2011
Javi García,es ESP,DFMF,24,22.239194367703412,1740.9480438463595,1.1195971838517065,0.1195971838517066,0.0,8.901969521433026,0.09803047856697263,0.054676053827644594,0.004783887354068265,0.059459941181712855,2011
Bruno César,br BRA,FWMF,22,26.0,1648.0,9.0,2.0,0.0,6.0,0.0,0.49,0.11,0.6,2011
Pablo Aimar,ar ARG,MF,31,23.910486714359852,1438.3915362848275,2.3140993972927575,8.690747362321318,0.0,3.199382961659417,0.890130323980734,0.14458257783522085,0.5446372496397197,0.6892198274749405,2011
Nolito,es ESP,FWMF,24,29.0,1624.0,11.0,7.0,0.0,5.0,0.0,0.61,0.39,1.0,2011
Nicolás Gaitán,ar ARG,MF,23,25.0990990990991,1590.234234234234,3.3963963963963963,6.702702702702702,0.0,1.099099099099099,0.0,0.18486486486486486,0.38720720720720714,0.573063063063063,2011
Rodrigo,es ESP,FWMF,20,22.0,1136.0,9.0,2.0,0.0,1.0,0.0,0.71,0.16,0.87,2011
Nemanja Matić,rs SRB,MF,22,16.0,862.0,1.0,0.0,0.0,6.0,0.0,0.1,0.0,0.1,2011
Jardel,br BRA,DF,25,9.801801801801801,859.0720720720719,0.0,0.0,0.0,1.099099099099099,0.09909909909909909,0.0,0.0,0.0,2011
Javier Saviola,ar ARG,FW,29,18.685233045183136,934.2142411549771,4.565635861331431,5.283308083058551,0.09803047856697263,2.0215667052847337,0.0,0.4404313341056946,0.5302174494251849,0.9697763122716335,2011
Joan Capdevila,es ESP,DF,33,5.0,450.0,1.0,0.0,0.0,2.0,0.0,0.2,0.0,0.2,2011
Rúben Amorim,pt POR,MF,26,6.707137331976775,343.0399134437273,0.03468125768293736,0.0023695269224367137,0.0,2.1230097798618695,0.0,0.002272591730155212,0.00011847634612183568,0.002379220441664864,2011
Nélson Oliveira,pt POR,FW,19,12.0,396.0,0.0,2.0,0.0,3.0,0.0,0.0,0.45,0.45,2011
Luís Martins,pt POR,DF,19,4.0,184.0,0.0,0.0,0.0,0.0,0.0,0.0,0.0,0.0,2011
Yannick Djaló,pt POR,FWMF,25,3.0,127.0,0.0,0.0,0.0,0.0,0.0,0.0,0.0,0.0,2011
Miguel Vítor,il ISR,DF,22,2.7108883411620295,113.98575346416469,0.0,0.0,0.0,0.8960541412868258,0.0011847634612183568,0.0,0.0,0.0,2011
Eduardo Carvalho,pt POR,GK,28,1.0,90.0,0.0,0.0,0.0,0.0,0.0,0.0,0.0,0.0,2011
Franco Jara,ar ARG,FW,23,3.378378378378378,181.46846846846844,0.5945945945945945,0.9999999999999999,0.0,0.29729729729729726,0.0,0.05252252252252252,0.9098198198198197,0.9623423423423423,2011
André Almeida,pt POR,DFMF,20,3.0,67.0,0.0,0.0,0.0,1.0,0.0,0.0,0.0,0.0,2011
Enzo Pérez,ar ARG,MF,25,3.0,52.0,0.0,0.0,0.0,0.0,0.0,0.0,0.0,0.0,2011
Rodrigo Mora,uy URU,FW,23,1.0,12.0,0.0,0.0,0.0,0.0,0.0,0.0,0.0,0.0,2011
Artur Moraes,br BRA,GK,31,29.900900900900897,2691.081081081081,0.0,0.0,0.0,3.9009009009009006,0.0,0.0,0.0,0.0,2012
Eduardo Salvio,ar ARG,FWMF,22,26.04928259513412,2195.088316549327,8.95499509847607,6.270653239461723,0.0,0.043133410569467956,0.0,0.33308172177167805,0.23418857499331608,0.5583584350770875,2012
Maxi Pereira,uy URU,DF,28,27.681135997417968,2481.831973617983,2.6725328865330327,3.7928807463976075,0.0,8.32677258711957,0.0,0.0980134322866741,0.1340468670261018,0.2320722885694056,2012
Ezequiel Garay,ar ARG,DF,25,26.7027027027027,2401.261261261261,1.099099099099099,0.0,0.0,2.099099099099099,0.0,0.04396396396396396,0.0,0.04396396396396396,2012
Nemanja Matić,rs SRB,MF,23,25.009009009009006,2107.045045045045,2.8018018018018016,0.0,0.0,7.801801801801801,0.9009009009009008,0.11801801801801799,0.0,0.11801801801801799,2012
Enzo Pérez,ar ARG,MF,26,25.52252252252252,1813.261261261261,3.603603603603603,4.504504504504504,0.0,4.504504504504504,0.9009009009009008,0.16216216216216214,0.19819819819819817,0.36036036036036034,2012
Lima,br BRA,FW,29,27.0,2139.0,20.0,5.0,3.0,1.0,0.0,0.84,0.21,1.05,2012
Lorenzo Melgarejo,py PAR,DFFW,21,21.0,1870.0,2.0,3.0,0.0,4.0,1.0,0.1,0.14,0.24,2012
Óscar Cardozo,py PAR,FW,29,25.364219644293314,1811.2902822264605,17.25045941954814,4.002195878373132,7.627954273603301,4.965944129450947,1.0977555347408927,0.862499527344415,0.2040185872589325,1.065550958789972,2012
Luisão,br BRA,DF,31,18.751397479385467,1686.3046811329002,1.0037127485553605,1.7919567645607175,0.0,3.5268499037637424,0.11943821159207757,0.05792802907927712,0.0983783178831912,0.1564140371532481,2012
Jardel,br BRA,DF,26,15.325550307459228,1297.47143748329,0.0,0.0,0.0,0.1195971838517066,0.010783352642366989,0.0,0.0,0.0,2012
Ola John,nl NED,FWMF,20,22.0,1259.0,0.0,5.0,0.0,0.0,0.0,0.0,0.36,0.36,2012
Rodrigo,es ESP,FWMF,21,20.198198198198195,1057.6216216216214,7.198198198198198,1.099099099099099,0.0,2.8018018018018016,0.0,0.6109009009009008,0.09693693693693692,0.7078378378378377,2012
Nicolás Gaitán,ar ARG,MF,24,23.22841101506104,1219.2920417075127,3.0431334105694674,7.8588361108635585,0.0,2.7931556902236876,0.0,0.22508867302379465,0.5857570626503876,0.8109535692006058,2012
André Almeida,pt POR,DFMF,21,12.909909909909908,607.5405405405405,0.0,0.0,0.0,1.9009009009009006,0.0,0.0,0.0,0.0,2012
Luisinho,pt POR,DF,27,5.0,450.0,1.0,0.0,0.0,1.0,0.0,0.2,0.0,0.2,2012
André Gomes,pt POR,MF,19,7.0,364.0,1.0,0.0,0.0,2.0,1.0,0.25,0.0,0.25,2012
Carlos Martins,pt POR,MF,30,11.862681397270173,388.7626714834005,0.03586134755058844,0.013529312590932208,0.0,0.9692129890721103,0.8911989428480945,0.002628755236365957,0.001028671446856519,0.003657426683222476,2012
Axel Witsel,be BEL,DFMF,23,5.576576576576576,469.28828828828824,0.09909909909909909,0.29729729729729726,0.09909909909909909,0.49549549549549543,0.0,0.003963963963963963,0.01189189189189189,0.015855855855855853,2012
Bruno César,br BRA,FWMF,23,7.981981981981981,364.21621621621614,0.8918918918918918,0.19819819819819817,0.0,2.396396396396396,0.0,0.04855855855855855,0.010900900900900899,0.05945945945945945,2012
Javi García,es ESP,DFMF,25,4.223673728070526,321.23642484496156,0.12300977986186958,0.013140103842603595,0.0,0.9780565072532269,0.01077057692016688,0.006007240320055259,0.0005256041537041438,0.006532844473759403,2012
Nolito,es ESP,FWMF,25,8.27927927927928,330.3063063063063,1.9909909909909909,0.6936936936936936,0.0,0.49549549549549543,0.0,0.4928828828828828,0.03864864864864864,0.5315315315315314,2012
Jonathan Urretaviscaya,uy URU,FWMF,22,3.5625450141437076,79.33622827108994,0.8901446407684541,0.0,0.0,0.00026061399721448653,0.0,0.8989457507872111,0.0,0.8989457507872111,2012
Pablo Aimar,ar ARG,MF,32,14.199997150174104,358.4556765163159,0.2545177639340399,3.6259006399923974,0.0,0.35188626656351163,0.09790157671468315,0.015902011148479746,1.1279194912791992,1.1438215024276788,2012
Alan Kardec,br BRA,FW,23,2.8091160026739517,37.35190946306449,0.032311730760500645,0.0,0.01077057692016688,0.01077057692016688,0.0,0.0035542903836550707,0.0,0.0035542903836550707,2012
Roderick Miranda,pt POR,DF,21,1.8362891007931554,27.268514392656623,0.0,0.0,0.0,0.010783352642366989,0.0,0.0,0.0,0.0,2012
Miguel Vítor,il ISR,DF,23,1.1881731940481075,20.546928039430767,0.0,0.0,0.0,0.09855311170771937,0.00013030699860724327,0.0,0.0,0.0,2012
Luisão,br BRA,DF,32,26.982655326771695,2421.173658129793,1.000408401697166,0.19711493331212412,0.0,3.0579533980393476,0.013138182560260102,0.04197208008935742,0.010821597904823288,0.05280552389648914,2013
Ezequiel Garay,ar ARG,DF,26,26.967649942072896,2420.6345245521784,5.466714196595667,0.0,0.0,2.9019695214330268,0.0,0.2008448444880135,0.0,0.2008448444880135,2013
Enzo Pérez,ar ARG,MF,27,27.73041618394082,2299.616076998485,3.9568665894305317,4.054897067997504,0.8911861687906603,6.728455574369486,0.09803047856697263,0.15132341146065412,0.15524463060333302,0.3154799037518937,2013
Lima,br BRA,FW,30,27.9009009009009,2322.7837837837833,14.594594594594593,4.999999999999999,3.0,0.9999999999999999,0.0,0.5697297297297297,0.19198198198198196,0.7617117117117116,2013
Maxi Pereira,uy URU,DF,29,25.29492449471086,2198.9614619745175,0.2939781540056056,3.0872167445897865,0.0,8.03594492790907,0.8900001734358557,0.010781460552490654,0.1215451529366408,0.13232793230528134,2013
Nicolás Gaitán,ar ARG,MF,25,25.69548641616619,1971.1922102915087,3.894869377825607,6.204229721273491,0.0,6.537795378621384,0.0,0.1760525746574556,0.29579082293438586,0.4807565484662609,2013
Rodrigo,es ESP,FWMF,22,25.368683718028695,1706.7423580786024,10.586311380447375,5.466714196595667,0.0,2.0872471259246055,0.0,0.5566268603511273,0.27790393013100434,0.8434426521700382,2013
Lazar Marković,rs SRB,FWMF,19,26.0,1659.0,5.0,5.0,0.0,2.0,0.0,0.27,0.27,0.54,2013
Guilherme Siqueira,br BRA,DFMF,27,18.0,1415.0,1.0,1.0,0.0,6.0,1.0,0.06,0.06,0.13,2013
Jan Oblak,si SVN,GK,20,16.0,1351.0,0.0,0.0,0.0,1.0,0.0,0.0,0.0,0.0,2013
Ljubomir Fejsa,rs SRB,MF,24,16.0,1346.0,0.0,0.0,0.0,6.0,0.0,0.0,0.0,0.0,2013
Nemanja Matić,rs SRB,MF,24,15.197932448088403,1326.3258176633096,2.0872471259246055,0.0,0.0,6.196060957133945,0.09803047856697263,0.14651991801087244,0.0,0.14651991801087244,2013
Artur Moraes,br BRA,GK,32,15.730237946707065,1334.623473843686,0.0,0.0,0.0,2.206844309776312,0.0,0.0,0.0,0.0,2013
André Almeida,pt POR,DFMF,22,10.31663844577132,728.2601372426699,0.0,0.0,0.0,2.8804028161482926,0.0,0.0,0.0,0.0,2013
Sílvio,pt POR,DF,25,8.0,649.0,0.0,1.0,0.0,0.0,0.0,0.0,0.14,0.14,2013
Óscar Cardozo,py PAR,FW,30,16.140062363344963,809.7817358792275,8.127548758353093,2.220241199368489,2.619073994007298,0.5462529929668348,0.12075291843132771,0.9136749579805293,0.25384205430766676,1.1674106253164644,2013
Bruno Cortez,br BRA,DF,26,6.0,495.0,0.0,0.0,0.0,0.0,0.0,0.0,0.0,0.0,2013
Eduardo Salvio,ar ARG,FWMF,23,13.543590127030498,668.4361976837029,0.9838824102236808,1.5790849638295543,0.0,0.004739053844873427,0.0,0.03659558085899356,0.19485498441826868,0.23047142192088343,2013
Filip Đuričić,rs SRB,FWMF,21,11.0,354.0,0.0,1.0,0.0,1.0,0.0,0.0,0.25,0.25,2013
Rúben Amorim,pt POR,MF,28,15.211171427132063,418.89091732734937,0.00041958252131603103,1.7800318205129517,0.0,2.695689432873267,0.0,2.7494382607975946e-05,0.3471020482663517,0.34712939931331577,2013
Jardel,br BRA,DF,27,7.024595190981911,476.35163797331563,0.0,0.0,0.0,1.7934007518040715,0.0011847634612183568,0.0,0.0,0.0,2013
Ivan Cavaleiro,pt POR,FWMF,19,8.0,294.0,0.0,1.0,0.0,0.0,0.0,0.0,0.31,0.31,2013
André Gomes,pt POR,MF,20,6.999999999999999,283.81981981981977,0.9999999999999999,0.0,0.0,0.19819819819819817,0.09909909909909909,0.322072072072072,0.0,0.322072072072072,2013
Miralem Sulejmani,rs SRB,FWMF,24,11.0,370.0,1.0,1.0,0.0,0.0,0.0,0.24,0.24,0.49,2013
Paulo Lopes,pt POR,GK,35,2.0,180.0,0.0,0.0,0.0,0.0,0.0,0.0,0.0,0.0,2013
Rogelio Funes Mori,mx MEX,FW,22,2.0,120.0,0.0,0.0,0.0,1.0,0.0,0.0,0.0,0.0,2013
Steven Vitória,ca CAN,DF,26,1.0,90.0,0.0,0.0,0.0,0.0,0.0,0.0,0.0,0.0,2013
João Cancelo,pt POR,DFMF,19,1.0,64.0,0.0,0.0,0.0,0.0,0.0,0.0,0.0,0.0,2013
Ola John,nl NED,FWMF,21,6.684684684684684,274.3153153153153,0.0,0.49549549549549543,0.0,0.0,0.0,0.0,0.03567567567567567,0.03567567567567567,2013
Victor Lindelöf,se SWE,DF,19,1.0,26.0,0.0,0.0,0.0,0.0,0.0,0.0,0.0,0.0,2013
Bernardo Silva,pt POR,FWMF,18,1.0,11.0,0.0,0.0,0.0,0.0,0.0,0.0,0.0,0.0,2013
Maxi Pereira,uy URU,DF,30,31.262441822337223,2797.9657736573863,4.482337686721824,6.569593916552725,0.0,10.673953998618064,0.09790000209857348,0.14358596350755642,0.20916996870134624,0.352756077278654,2014
Lima,br BRA,FW,31,33.336333660101594,2738.269227341591,18.5206309598075,5.89118616879066,2.9999999999999996,0.10881383120933961,0.0,0.6056180376080562,0.1902156670528473,0.8047455663488102,2014
Jardel,br BRA,DF,28,28.363049128942528,2535.5318434801925,3.5600573350793874,0.0,0.0,2.867291377814369,0.00013030699860724327,0.1157018633900801,0.0,0.1157018633900801,2014
Luisão,br BRA,DF,33,29.668092143509607,2651.529107332151,3.670044981412719,0.9116826579817274,0.0,1.2263748345228151,0.8914452189089199,0.12031693048922076,0.027890376135414983,0.1571086098644431,2014
Eduardo Salvio,ar ARG,FWMF,24,27.30001646259513,2255.833546938257,8.118341966309202,7.293791381939586,0.0,3.5605785630738165,0.0,0.29772971948590526,0.279535412072765,0.5771574398242841,2014
Andreas Samaris,gr GRE,MF,25,28.0,2155.0,0.0,2.0,0.0,12.0,0.0,0.0,0.08,0.08,2014
Eliseu,pt POR,DFMF,30,26.0,2283.0,4.0,1.0,0.0,7.0,0.0,0.16,0.04,0.2,2014
Nicolás Gaitán,ar ARG,MF,26,26.856522204375757,2117.8735054489925,3.988437138478959,11.362548344577345,0.0,6.059149783013171,0.0,0.17066569645610802,0.4864400609478255,0.6491859329033681,2014
Jonas,br BRA,FW,30,27.0,2203.0,20.0,3.0,1.0,4.0,0.0,0.82,0.12,0.94,2014
Júlio César,br BRA,GK,34,20.470850904700907,1833.4675772094777,0.0,0.0,0.0,3.5600573350793874,0.00013030699860724327,0.0,0.0,0.0,2014
Talisca,br BRA,FWMF,20,32.0,1874.0,9.0,1.0,0.0,7.0,1.0,0.43,0.05,0.48,2014
Pizzi,pt POR,FWMF,24,23.0,1280.0,2.0,7.0,0.0,1.0,0.0,0.14,0.49,0.63,2014
André Almeida,pt POR,DFMF,23,18.936092203259477,1159.7417883252288,0.0,2.670390971942202,0.0,6.547381192080332,0.0,0.0,0.19582867127576148,0.19582867127576148,2014
Artur Moraes,br BRA,GK,33,12.409840034679476,1036.7649726596471,0.0,0.0,0.0,0.24246526934008406,0.0,0.0,0.0,0.0,2014
Enzo Pérez,ar ARG,MF,28,12.838165405797062,1065.347059142929,1.3248699742129246,2.225770875113825,0.9880446596186148,5.1899048539696695,0.01077057692016688,0.10563888658938556,0.19508274206426562,0.30170077201003,2014
Ola John,nl NED,FWMF,22,23.007040370733442,929.0561447286336,2.6735585063719807,4.5098476071651366,0.0,0.0,0.0,0.2406202655734783,0.40491578290704927,0.6366241867926208,2014
Lisandro López,ar ARG,DF,24,7.0,454.0,0.0,0.0,0.0,0.0,0.0,0.0,0.0,0.0,2014
Rúben Amorim,pt POR,MF,29,10.573227953180552,235.647965197141,4.6154004574109794e-05,0.19580319153508277,0.0,1.1865255435227118,0.0,3.0243773183655797e-06,0.03818116510935794,0.038184173719780334,2014
César,br BRA,DF,21,3.0,195.0,0.0,0.0,0.0,2.0,0.0,0.0,0.0,0.0,2014
Miralem Sulejmani,rs SRB,FWMF,25,4.693693693693693,158.28828828828827,0.09909909909909909,0.9999999999999999,0.0,0.0,0.0,0.02378378378378378,0.6273873873873873,0.652162162162162,2014
Derley,br BRA,FW,26,16.0,302.0,1.0,2.0,0.0,0.0,0.0,0.3,0.6,0.89,2014
Ljubomir Fejsa,rs SRB,MF,25,6.090090090090089,305.4594594594594,0.9009009009009008,0.0,0.0,2.396396396396396,0.0,0.4234234234234234,0.0,0.4234234234234234,2014
Bryan Cristante,it ITA,DFMF,19,5.0,133.0,0.0,0.0,0.0,0.0,0.0,0.0,0.0,0.0,2014
Franco Jara,ar ARG,FW,26,1.7844709515831225,94.58013518623518,0.0007818419916434595,0.0013149160768549093,0.0,0.8904052547656686,0.0,6.906270926183893e-05,0.0011963367081223178,0.001265399417384157,2014
Loris Benito,ch SUI,DF,22,2.0,97.0,0.0,0.0,0.0,0.0,0.0,0.0,0.0,0.0,2014
Gonçalo Guedes,pt POR,FWMF,17,5.0,40.0,0.0,1.0,0.0,1.0,0.0,0.0,2.25,2.25,2014
Sílvio,pt POR,DF,26,1.6936936936936935,92.24324324324323,0.0,0.9999999999999999,0.0,0.0,0.0,0.0,2.626486486486486,2.626486486486486,2014
Bebé,cv CPV,FWMF,24,1.0,26.0,0.0,0.0,0.0,0.0,0.0,0.0,0.0,0.0,2014
Hany Mukhtar,de GER,FWMF,19,1.0,16.0,0.0,0.0,0.0,0.0,0.0,0.0,0.0,0.0,2014
Jonathan Rodríguez,uy URU,FWMF,21,1.0,6.0,0.0,0.0,0.0,0.0,0.0,0.0,0.0,0.0,2014
Jonas,br BRA,FW,31,33.306306306306304,2774.171171171171,30.810810810810807,11.108108108108107,6.405405405405405,3.9999999999999996,0.0,1.0001801801801802,0.35423423423423417,1.3544144144144141,2015
Eliseu,pt POR,DF,31,30.504504504504503,2619.936936936937,0.39639639639639634,0.9999999999999999,0.0,8.801801801801801,0.0,0.015855855855855853,0.030990990990990987,0.04684684684684684,2015
Jardel,br BRA,DF,29,29.819937985151153,2670.3387416014643,3.0616054238207657,3.5600063067683325,0.0,7.43541014426063,1.4333564392783668e-05,0.10172718021590511,0.11570020496997081,0.2174273851858759,2015
Pizzi,pt POR,MF,25,30.207207207207205,2172.7927927927926,7.405405405405404,6.999999999999999,0.0,2.8018018018018016,0.0,0.3021621621621622,0.3008108108108108,0.5939639639639639,2015
Kostas Mitroglou,gr GRE,FW,27,32.0,2193.0,20.0,3.0,1.0,5.0,0.0,0.82,0.12,0.94,2015
André Almeida,pt POR,DFMF,24,25.223071394787123,2143.4374392326026,0.0,4.743776398993283,0.0,5.170189751322964,0.8900143337698468,0.0,0.19954121363119967,0.19954121363119967,2015
Júlio César,br BRA,GK,35,23.61179916389854,2124.0819483341284,0.0,0.0,0.0,1.2816022704365997,1.4333564392783668e-05,0.0,0.0,0.0,2015
Nicolás Gaitán,ar ARG,MF,27,25.204214515317467,2045.8959580867731,3.9987281034637574,13.70988447635265,0.0,2.446500076102121,0.0,0.17897324132749434,0.6053086172871592,0.7834106904067161,2015
Renato Sanches,pt POR,MF,17,24.0,1904.0,2.0,1.0,0.0,6.0,1.0,0.09,0.05,0.14,2015
Andreas Samaris,gr GRE,MF,26,27.099099099099096,1768.5135135135133,1.8018018018018016,1.099099099099099,0.0,7.495495495495495,0.0,0.09009009009009009,0.05297297297297297,0.15207207207207207,2015
Ljubomir Fejsa,rs SRB,MF,26,17.59522324213528,1193.5626058283574,0.09803047856697263,0.0,0.0,3.825505748150788,0.0,0.04607432492647713,0.0,0.04607432492647713,2015
Victor Lindelöf,se SWE,DF,21,13.37857588450227,1151.6928972462347,0.8911861687906603,0.0,0.0,2.6735585063719807,0.0,0.06238303181534623,0.0,0.06238303181534623,2015
Lisandro López,ar ARG,DF,25,13.306306306306306,1151.297297297297,0.9009009009009008,0.9009009009009008,0.0,2.7027027027027026,0.0,0.06306306306306306,0.06306306306306306,0.13513513513513511,2015
Gonçalo Guedes,pt POR,MF,18,16.71171171171171,832.7927927927926,2.7027027027027026,3.702702702702702,0.0,0.09909909909909909,0.0,0.2612612612612612,0.5743243243243242,0.8355855855855855,2015
Nélson Semedo,pt POR,DF,21,12.0,909.0,1.0,0.0,0.0,2.0,0.0,0.1,0.0,0.1,2015
Ederson,br BRA,GK,21,10.0,890.0,0.0,0.0,0.0,1.0,0.0,0.0,0.0,0.0,2015
Luisão,br BRA,DF,34,11.273490092412546,1012.5681979419525,0.4037049402535401,0.10028509046475699,0.0,2.804901235519592,0.09805897220921792,0.013234862101320367,0.0030679413163656444,0.017281946755384782,2015
Raúl Jiménez,mx MEX,FW,24,28.0,919.0,5.0,1.0,0.0,2.0,0.0,0.49,0.1,0.59,2015
Mehdi Carcela,ma MAR,MF,26,20.0,822.0,2.0,3.0,0.0,1.0,0.0,0.22,0.33,0.55,2015
Talisca,br BRA,MF,21,22.090090090090087,851.4774774774774,3.5945945945945943,0.09909909909909909,0.0,2.4954954954954953,0.09909909909909909,0.37594594594594594,0.004954954954954955,0.3809009009009009,2015
Sílvio,pt POR,DF,27,3.74904197486855,271.15488815613577,0.0,0.10881383120933961,0.0,0.8911861687906603,0.0,0.0,0.28579805721415197,0.28579805721415197,2015
Álex Grimaldo,es ESP,DF,19,2.0,180.0,0.0,0.0,0.0,0.0,0.0,0.0,0.0,0.0,2015
Ola John,nl NED,MF,23,4.3080367196561244,194.64865131903963,0.2937430069136422,0.4954954954954955,0.0,0.0,0.0,0.026436870622227802,0.04448796588308494,0.06994569314893392,2015
Eduardo Salvio,ar ARG,MF,25,10.122971380702303,442.1584771271879,0.8930048161685051,0.8023055519502259,0.0,0.39165802800208777,0.0,0.032749799715357936,0.030748454586732952,0.06348640838110511,2015
Victor Andrade,br BRA,MF,19,3.0,121.0,0.0,0.0,0.0,1.0,0.0,0.0,0.0,0.0,2015
Clésio Baúque,mz MOZ,DF,20,1.0,62.0,0.0,0.0,0.0,0.0,0.0,0.0,0.0,0.0,2015
Filip Đuričić,rs SRB,FWMF,23,1.009803047856697,22.53221638000178,0.0,0.010783352642366989,0.0,0.010783352642366989,0.0,0.0,0.0026958381605917472,0.0026958381605917472,2015
Nuno Santos,pt POR,DFFW,20,1.0,18.0,0.0,0.0,0.0,0.0,0.0,0.0,0.0,0.0,2015
Paulo Lopes,pt POR,GK,37,0.9127528740753943,10.85286516353266,0.0,0.0,0.0,0.0,0.0,0.0,0.0,0.0,2015
Bryan Cristante,it ITA,DFMF,20,2.297297297297297,18.585585585585584,0.0,0.0,0.0,0.0,0.0,0.0,0.0,0.0,2015
Luka Jović,rs SRB,FW,17,1.0,6.0,0.0,0.0,0.0,0.0,0.0,0.0,0.0,0.0,2015
Pizzi,pt POR,MF,26,32.69610551644238,2763.8338828981373,9.717672221727117,6.108813831209338,0.0,4.760805632296586,1.7823723375813205,0.3180589965243739,0.2020577488637376,0.5191364406024418,2016
Victor Lindelöf,se SWE,DF,22,29.95407016541292,2690.1114585586474,0.9880446596186148,0.0,0.0,1.183873330894376,0.0,0.03355791321407367,0.0,0.03355791321407367,2016
Nélson Semedo,pt POR,DF,22,29.117117117117115,2594.5855855855857,0.9999999999999999,1.8018018018018016,0.0,5.603603603603603,0.0,0.036936936936936934,0.05405405405405404,0.09999999999999999,2016
Luisão,br BRA,DF,35,26.160083914026572,2190.42250207912,0.044407543334696924,0.01103135992797315,0.0,3.868539136183035,0.010786486920377735,0.0014558348280900642,0.0003374735440920079,0.0019010141391029081,2016
Ederson,br BRA,GK,22,25.315315315315313,2233.243243243243,0.0,0.0,0.0,3.702702702702702,0.9009009009009008,0.0,0.0,0.0,2016
Kostas Mitroglou,gr GRE,FW,28,28.396396396396394,2231.7387387387384,16.396396396396394,3.0,0.09909909909909909,2.297297297297297,0.0,0.6578378378378378,0.11999999999999998,0.7778378378378377,2016
Eduardo Salvio,ar ARG,MF,26,26.923530125830865,1819.7377009352097,3.658231068642904,4.538254338745254,0.0,0.93308248858854,0.0,0.16380250350715386,0.2080823645619029,0.3718835650198028,2016
Ljubomir Fejsa,rs SRB,MF,27,24.186439576618415,2045.8066636936314,0.01077057692016688,0.0,0.0,3.0906980491013694,0.0,0.005062171152478433,0.0,0.005062171152478433,2016
Franco Cervi,ar ARG,MF,22,26.0,1418.0,2.0,2.0,0.0,2.0,0.0,0.13,0.13,0.25,2016
Jonas,br BRA,FW,32,20.556723999643523,1488.0369842260047,14.938062561269048,3.8822743071027532,5.152927546564476,2.2176276624186793,0.0,0.893077265840834,0.2167828179306657,1.1098600837714998,2016
Álex Grimaldo,es ESP,DF,20,12.81081081081081,1144.8648648648648,1.8018018018018016,1.8018018018018016,0.0,0.9009009009009008,0.0,0.12612612612612611,0.12612612612612611,0.2612612612612612,2016
Gonçalo Guedes,pt POR,FW,19,16.077444078067906,1151.1309152481954,2.0764637732822386,3.076463773282238,0.0,0.9019695214330272,0.0,0.1621067641030211,0.26746724890829693,0.42957401301131803,2016
Rafa Silva,pt POR,MFFW,23,20.0,1085.0,2.0,1.0,0.0,0.0,0.0,0.17,0.08,0.25,2016
Eliseu,pt POR,DF,32,14.013546029765616,1170.9244274128864,0.043133410569467956,1.8911861687906601,0.0,2.7401301131806433,0.0,0.0017253364227787183,0.16378575884502272,0.16551109526780144,2016
André Almeida,pt POR,DF,25,15.234520158098766,1081.276236632224,0.8900015766920831,0.5218079244145684,0.0,1.4587142975403595,0.09790017343612915,0.08010014190228748,0.021949218884380155,0.10204936078666764,2016
Andrija Živković,rs SRB,MF,20,15.0,929.0,0.0,3.0,0.0,0.0,0.0,0.0,0.29,0.29,2016
Andreas Samaris,gr GRE,MF,27,18.99010783352642,1051.542197665092,0.19606095713394525,0.1195971838517066,0.0,5.2715444256305135,0.0,0.009803047856697264,0.005764192139737992,0.01654754478210498,2016
Júlio César,br BRA,GK,36,9.717295200383091,824.608761086192,0.0,0.0,0.0,0.14097602747223953,1.576689597252198e-06,0.0,0.0,0.0,2016
André Horta,pt POR,MF,19,10.0,647.0,1.0,1.0,0.0,2.0,0.0,0.14,0.14,0.28,2016
Raúl Jiménez,mx MEX,FW,25,19.891891891891888,800.0810810810809,6.801801801801801,0.09909909909909909,1.8018018018018016,2.9009009009009006,0.0,0.7692792792792792,0.00990990990990991,0.7791891891891891,2016
Lisandro López,ar ARG,DF,26,8.577399518759467,730.3924783887353,2.7715889849389534,0.09803047856697263,0.0,3.858836110863559,0.0,0.36333660101595217,0.006862133499688085,0.37117903930131,2016
André Carrillo,pe PER,MF,25,20.0,537.0,2.0,1.0,0.0,5.0,0.0,0.34,0.17,0.5,2016
Filipe Augusto,br BRA,MF,22,9.0,150.0,0.0,0.0,0.0,1.0,0.0,0.0,0.0,0.0,2016
Jardel,br BRA,DF,30,4.170188179956021,373.83681405290343,0.33677606562812784,0.3916000763117765,0.0,1.7078939997378044,1.576689597252198e-06,0.011189972180609015,0.012727002480132737,0.02391697466074175,2016
Branimir Kalaica,hr CRO,DF,18,1.0,90.0,1.0,0.0,0.0,0.0,0.0,1.0,0.0,1.0,2016
Pedro Pereira,pt POR,FW,32,1.0,90.0,0.0,0.0,0.0,0.0,0.0,0.0,0.0,0.0,2016
Marcelo Hermes,br BRA,MF,21,1.0,45.0,0.0,0.0,0.0,0.0,0.0,0.0,0.0,0.0,2016
Guillermo Celis,co COL,MF,23,3.0,46.0,0.0,0.0,0.0,0.0,0.0,0.0,0.0,0.0,2016
Danilo Barbosa,br BRA,MF,20,2.0,38.0,0.0,0.0,0.0,1.0,0.0,0.0,0.0,0.0,2016
José Gomes,pt POR,DFFW,17,3.0,23.0,0.0,0.0,0.0,0.0,0.0,0.0,0.0,0.0,2016
Paulo Lopes,pt POR,GK,38,0.9904141865410515,12.764094991147653,0.0,0.0,0.0,0.0,0.0,0.0,0.0,0.0,2016
Luka Jović,rs SRB,FW,18,0.9999999999999999,9.603603603603602,0.0,0.0,0.0,0.0,0.0,0.0,0.0,0.0,2016
André Almeida,pt POR,DF,26,29.26579995169035,2519.2706662539777,1.8779003659496556,6.287399995236389,0.0,6.390459533787067,0.010769002098573854,0.07111101385752487,0.2071144501607471,0.2782254640182719,2017
Pizzi,pt POR,MF,27,32.96661121154748,2666.0674131299565,6.4084594425469845,6.011955340381385,0.0,4.973719792314793,0.19582867127576148,0.21297110369929262,0.20022608420098786,0.4219907853708861,2017
Bruno Varela,pt POR,GK,22,29.0,2610.0,0.0,0.0,0.0,1.0,0.0,0.0,0.0,0.0,2017
Jonas,br BRA,FW,33,28.96247032528032,2343.419304790414,31.905671109307114,7.5475868121851715,7.687193071937662,2.0239106807627705,0.0,1.2107850148340218,0.28195565192699856,1.4927406667610204,2017
Franco Cervi,ar ARG,MFFW,23,30.504504504504503,2272.0540540540537,2.9009009009009006,6.504504504504504,0.0,1.099099099099099,0.0,0.11198198198198196,0.2561261261261261,0.36711711711711703,2017
Álex Grimaldo,es ESP,DF,21,26.34720613136084,2291.050708493004,1.0872471259246055,4.651991801087247,0.0,3.662775153729614,0.0,0.049371713751002584,0.18304963906960162,0.22448979591836732,2017
Ljubomir Fejsa,rs SRB,MF,28,27.58056301612543,2357.4837525969842,0.001184609078247666,0.0,0.0,7.460047154205423,0.0,0.000556766266776403,0.0,0.000556766266776403,2017
Jardel,br BRA,DF,31,23.598721116263018,2056.0820856062405,1.8170453989499817,2.7130760581571947,0.0,4.637868402777762,1.7343582561775094e-07,0.07243089825262063,0.1081999723193625,0.18063087057198313,2017
Rúben Dias,pt POR,DF,20,24.0,2149.0,3.0,0.0,0.0,4.0,0.0,0.13,0.0,0.13,2017
Eduardo Salvio,ar ARG,MFFW,27,26.101588296222342,1620.6111428344186,8.412405519460671,4.059207966993193,0.0,3.66263913225521,0.0,0.47191828199052227,0.2275890605199527,0.6906071989843023,2017
Andrija Živković,rs SRB,MF,21,20.405405405405403,1484.8558558558557,2.7027027027027026,3.9009009009009006,0.0,4.504504504504504,1.8018018018018016,0.15315315315315314,0.23594594594594592,0.39810810810810804,2017
Luisão,br BRA,DF,36,17.117609230284934,1522.5464752096482,0.8948848297910817,0.00121344959179693,0.0,4.875539305008863,0.0011865135609676525,0.053560141832576506,3.7122089841551483e-05,0.05360911155677661,2017
Rafa Silva,pt POR,MFFW,24,19.999999999999996,1203.0180180180178,2.9009009009009006,3.702702702702702,0.0,0.0,0.0,0.215045045045045,0.27819819819819813,0.4932432432432432,2017
Filip Krovinović,hr CRO,MF,21,13.0,856.0,1.0,1.0,0.0,0.0,0.0,0.11,0.11,0.21,2017
Haris Seferović,ch SUI,FW,25,20.0,836.0,4.0,2.0,0.0,1.0,0.0,0.43,0.22,0.65,2017
Raúl Jiménez,mx MEX,FW,26,31.573656536850546,981.8108011763657,6.087247125924605,4.466714196595668,1.0872471259246055,2.9892166473576327,0.0,0.5649487567952945,0.4021121112200338,0.9670608680153283,2017
Eliseu,pt POR,DF,33,6.8804457060558235,592.4069862768607,0.004739053844873427,0.20778401165714672,0.0,1.191187531766526,0.0,0.0001895621537949371,0.01799508826087227,0.01818465041466721,2017
Filipe Augusto,br BRA,MF,23,8.099099099099098,461.71171171171164,0.0,0.9009009009009008,0.0,0.9999999999999999,0.0,0.0,0.16216216216216214,0.16216216216216214,2017
Andreas Samaris,gr GRE,MF,28,18.108782826893684,582.8510206679359,0.9116714778210677,0.013140103842603595,0.0,0.5791828781651922,0.0,0.15239921276874147,0.0006333099229058126,0.15314022846084896,2017
Douglas,br BRA,DF,26,5.0,344.0,0.0,0.0,0.0,0.0,0.0,0.0,0.0,0.0,2017
Diogo Gonçalves,pt POR,MF,20,7.0,298.0,0.0,1.0,0.0,1.0,0.0,0.0,0.3,0.3,2017
Mile Svilar,rs SRB,GK,17,3.0,270.0,0.0,0.0,0.0,1.0,0.0,0.0,0.0,0.0,2017
Lisandro López,ar ARG,DF,27,4.5029174021368465,292.09900207489375,0.30451358383380905,0.01077057692016688,0.0,0.4239690733120236,0.0,0.03991967463956398,0.0007539403844116817,0.040781320793177325,2017
Júlio César,br BRA,GK,37,2.848902324812039,250.90695142167334,0.0,0.0,0.0,0.015507360332414039,1.7343582561775094e-07,0.0,0.0,0.0,2017
João Carvalho,pt POR,MF,20,7.0,172.0,0.0,1.0,0.0,0.0,0.0,0.0,0.52,0.52,2017
Keaton Parks,us USA,MF,19,4.0,62.0,0.0,0.0,0.0,0.0,0.0,0.0,0.0,0.0,2017
Martin Chrien,sk SVK,MF,21,1.0,21.0,0.0,0.0,0.0,0.0,0.0,0.0,0.0,0.0,2017
Gabriel Barbosa,br BRA,FWMF,20,1.0,14.0,0.0,0.0,0.0,0.0,0.0,0.0,0.0,0.0,2017
Odisseas Vlachodimos,gr GRE,GK,24,34.0,3054.0,0.0,0.0,0.0,2.0,1.0,0.0,0.0,0.0,2018
Álex Grimaldo,es ESP,DF,22,33.15919001701039,2967.5046175510556,3.6799767854011507,11.192676719798545,0.0,3.072818891413892,0.0,0.11224009307202668,0.33165721793327757,0.4430258734181271,2018
Pizzi,pt POR,MF,28,33.88634204562728,2763.908991192694,12.275025020305455,16.681486921315017,4.450071668849234,4.10709522007923,0.021538346877230292,0.39722978891147337,0.5382303128540115,0.9453274147795478,2018
André Almeida,pt POR,DF,27,32.589238065926786,2870.5797808185607,1.9865690425838718,10.481614089382706,0.0,6.042950541267413,0.001184590025392739,0.06122221131235247,0.3253825920528648,0.3866048033652173,2018
Rúben Dias,pt POR,DF,21,31.207207207207205,2795.846846846847,3.0,0.9009009009009008,0.0,9.405405405405403,0.0,0.09396396396396395,0.02702702702702702,0.13,2018
Rafa Silva,pt POR,MFFW,25,25.34711701274396,1836.6353266197307,15.465823010426877,2.1852776044915783,0.0,5.347117012743961,0.0,0.7363488102664646,0.11047856697264058,0.8468273772391051,2018
João Félix,pt POR,FW,18,26.0,1725.0,15.0,7.0,0.0,2.0,0.0,0.78,0.37,1.15,2018
Haris Seferović,ch SUI,FW,26,28.108108108108105,1856.7207207207205,21.117117117117115,4.702702702702702,0.0,0.9999999999999999,0.0,0.9885585585585585,0.229009009009009,1.2175675675675675,2018
Jardel,br BRA,DF,32,19.505859313138174,1653.7290284679589,1.9798749942684415,0.298438360703702,0.0,4.070165522966939,0.8900000211765138,0.10586739888662977,0.011901996728064284,0.11776939561469406,2018
Ljubomir Fejsa,rs SRB,MF,29,19.053846826175935,1538.2517614662224,0.0001303051308434879,0.0,0.0,4.380599731533641,0.0,6.124341149643931e-05,0.0,6.124341149643931e-05,2018
Andreas Samaris,gr GRE,MF,29,18.90197888546015,1319.0254684365718,1.8802994624108722,2.6714882243850027,0.0,2.7337448160336373,0.0,0.132463592339401,0.16917237843007185,0.3016478168602554,2018
Gabriel,br BRA,MF,24,17.0,1253.0,0.0,1.0,0.0,4.0,1.0,0.0,0.07,0.07,2018
Francisco Reis Ferreira,pt POR,DF,21,13.0,1143.0,2.0,0.0,0.0,1.0,1.0,0.16,0.0,0.16,2018
Franco Cervi,ar ARG,FWMF,24,21.1430353800909,1163.3702878531324,3.880402816148293,2.4901523928348626,0.0,3.684341859014348,0.0,0.32410034756260575,0.18828357543890917,0.5122760894750913,2018
Gedson Fernandes,pt POR,MF,19,22.0,1050.0,0.0,2.0,0.0,2.0,0.0,0.0,0.17,0.17,2018
Jonas,br BRA,FW,34,22.76577193733363,1170.0072256080691,13.29932416494561,1.7201406977379512,1.7354953852267287,4.672672833463251,0.8900143337698468,0.9964829002747573,0.11111237026383433,1.0986951272008934,2018
Florentino Luís,pt POR,MF,18,11.0,842.0,1.0,0.0,0.0,1.0,0.0,0.11,0.0,0.11,2018
Eduardo Salvio,ar ARG,FWMF,28,15.331174687188383,762.1072236874786,2.7053645936837696,2.226512872047852,0.0,0.4028902968617558,0.0,0.2922110105952171,0.26533479674619725,0.5654667915931987,2018
Andrija Živković,rs SRB,FWMF,22,16.479369040192495,755.994029052669,0.2940914357009179,3.0980304785669723,0.0,1.3813385616255234,0.19606095713394525,0.016665181356385346,0.38214864985295427,0.39979413599500935,2018
Facundo Ferreyra,ar ARG,FW,27,5.0,284.0,1.0,0.0,0.0,1.0,0.0,0.32,0.0,0.32,2018
Germán Conti,ar ARG,DF,24,4.0,267.0,0.0,0.0,0.0,1.0,1.0,0.0,0.0,0.0,2018
Nicolás Castillo,cl CHI,FW,25,4.0,144.0,0.0,0.0,0.0,0.0,0.0,0.0,0.0,0.0,2018
Adel Taarabt,ma MAR,MFFW,29,6.0,136.0,0.0,0.0,0.0,1.0,0.0,0.0,0.0,0.0,2018
Sébastien Corchia,fr FRA,DF,27,2.0,93.0,0.0,0.0,0.0,0.0,0.0,0.0,0.0,0.0,2018
Cristian Lema,ar ARG,DF,27,1.0,81.0,0.0,0.0,0.0,1.0,1.0,0.0,0.0,0.0,2018
Alfa Semedo,gw GNB,MFDF,20,5.0,102.0,0.0,0.0,0.0,1.0,0.0,0.0,0.0,0.0,2018
Filip Krovinović,hr CRO,MFFW,22,4.891891891891891,120.86486486486484,0.09909909909909909,0.09909909909909909,0.0,0.0,0.0,0.010900900900900899,0.010900900900900899,0.020810810810810806,2018
Mile Svilar,rs SRB,GK,18,1.198198198198198,29.459459459459456,0.0,0.0,0.0,0.09909909909909909,0.0,0.0,0.0,0.0,2018
Rúben Dias,pt POR,DF,22,32.80491934765172,2951.049728188218,2.108813831209339,1.880402816148293,0.0,6.370555208983156,0.0,0.06369574904197486,0.05641208448444879,0.12108813831209338,2019
Odisseas Vlachodimos,gr GRE,GK,25,33.09909909909909,2978.324324324324,0.0,0.0,0.0,2.9009009009009006,0.09909909909909909,0.0,0.0,0.0,2019
Pizzi,pt POR,MFFW,29,33.98749780422259,2805.820063279217,17.370261778756323,14.294959333465451,4.939508750641061,3.1217787286604457,0.0023691841971543253,0.5598955649526067,0.45970519530190546,1.0117861333614242,2019
Álex Grimaldo,es ESP,DF,23,26.78740828368915,2372.5259257392863,0.4047446984538431,6.57112000854485,0.0,1.2279803667466045,0.0,0.012344801414261256,0.24118083684149544,0.253429792612153,2019
Francisco Reis Ferreira,pt POR,DF,22,24.71171171171171,2200.6576576576576,1.099099099099099,0.0,0.0,2.8018018018018016,0.09909909909909909,0.05189189189189189,0.0,0.05189189189189189,2019
André Almeida,pt POR,DF,28,24.054816167128223,2098.433774069362,3.778522598909558,4.712977536229954,0.0,7.784724563646426,0.00013030490030725212,0.16693444349362266,0.19599208482071906,0.36292652831434175,2019
Carlos Vinícius,br BRA,FW,24,32.0,1777.0,18.0,5.0,0.0,2.0,0.0,0.91,0.25,1.16,2019
Adel Taarabt,ma MAR,MF,30,22.216216216216214,1519.7837837837837,0.9009009009009008,0.9009009009009008,0.0,7.306306306306306,0.9009009009009008,0.04504504504504504,0.04504504504504504,0.09909909909909909,2019
Gabriel,br BRA,MF,25,21.5045045045045,1590.8378378378377,1.8018018018018016,1.9009009009009006,0.0,8.504504504504503,0.9999999999999999,0.09909909909909909,0.10603603603603602,0.20513513513513512,2019
Franco Cervi,ar ARG,MFFW,25,22.795975898831347,1554.6980259579807,2.2065992481959285,1.1637225606201005,0.0,3.9653187423170624,0.0,0.13352313582231576,0.07409447487206601,0.20760576305976958,2019
Rafa Silva,pt POR,MFFW,26,25.038137633730955,1714.1219487445157,7.930137231392049,4.690747362321318,0.0,3.2578769857694865,0.0,0.41025062509401994,0.24357212859534763,0.662724056929175,2019
Chiquinho,pt POR,FWMF,24,25.0,1512.0,2.0,4.0,0.0,2.0,0.0,0.12,0.24,0.36,2019
Julian Weigl,de GER,MF,23,18.0,1372.0,1.0,0.0,0.0,5.0,0.0,0.07,0.0,0.07,2019
Haris Seferović,ch SUI,FW,27,29.794135995009352,1480.8890473219856,6.7537652615631405,2.2940914357009174,0.0,1.8911861687906601,0.0,0.3838365564566437,0.1407735495945103,0.524610106051154,2019
Nuno Tavares,pt POR,DF,19,11.0,927.0,1.0,4.0,0.0,2.0,0.0,0.1,0.39,0.49,2019
Jardel,br BRA,DF,33,11.04564452225084,923.2801929420157,0.21778624891248813,0.03282821960851479,0.0,1.3377182068176368,0.09790000212396617,0.01164541385309052,0.0013092196373395777,0.012954633490430098,2019
Tomás Tavares,pt POR,DF,18,12.0,877.0,0.0,0.0,0.0,3.0,0.0,0.0,0.0,0.0,2019
Florentino Luís,pt POR,MF,19,10.099099099099098,755.5135135135134,0.09909909909909909,0.0,0.0,0.9999999999999999,0.0,0.010900900900900899,0.0,0.010900900900900899,2019
Andreas Samaris,gr GRE,MF,30,16.31921310187348,737.8317719079366,0.20682997621191948,0.2938594925680165,0.0,2.97071234956614,0.0,0.014570786303036754,0.018608694894558138,0.033180784248903326,2019
Raúl de Tomás,es ESP,FW,24,7.0,463.0,0.0,0.0,0.0,0.0,0.0,0.0,0.0,0.0,2019
Ljubomir Fejsa,rs SRB,MF,30,4.765920366566691,347.2074616604451,1.43335417932018e-05,0.0,0.0,1.3718653841514934,0.0,6.7367646428048455e-06,0.0,6.7367646428048455e-06,2019
Gedson Fernandes,pt POR,MFFW,20,8.486486486486486,300.4504504504504,0.0,0.19819819819819817,0.0,0.19819819819819817,0.0,0.0,0.016846846846846845,0.016846846846846845,2019
Dyego Sousa,pt POR,FWMF,29,11.0,211.0,0.0,1.0,0.0,0.0,0.0,0.0,0.43,0.43,2019
Jota,pt POR,MFFW,20,19.0,189.0,0.0,1.0,0.0,1.0,0.0,0.0,0.48,0.48,2019
Mile Svilar,rs SRB,GK,19,1.021566705284734,83.41235184029942,0.0,0.0,0.0,0.010783352642366989,0.0,0.0,0.0,0.0,2019
Andrija Živković,rs SRB,MF,23,4.480973909390074,141.80942042724476,0.032311730760500645,0.34037960497796477,0.0,0.15176722023871514,0.02154115384033376,0.0018309980764283698,0.041986548350544,0.04392525219617404,2019
Caio Lucas Fernandes,br BRA,MF,25,4.0,58.0,1.0,0.0,0.0,0.0,0.0,1.55,0.0,1.55,2019
Gonçalo Ramos,pt POR,MF,18,1.0,6.0,2.0,0.0,0.0,0.0,0.0,30.0,0.0,30.0,2019
Álex Grimaldo,es ESP,DFMF,24,30.536621553165816,2457.498002364538,1.8245244320563272,8.732827030535788,0.0,3.6950822109635366,0.0,0.06365801906006391,0.3202300320930359,0.38387750828342254,2020
Nicolás Otamendi,ar ARG,DF,32,27.0,2430.0,1.0,0.0,0.0,13.0,0.0,0.04,0.0,0.04,2020
Rafa Silva,pt POR,MFFW,27,28.56425192813373,2125.2000348155807,5.322273095540432,4.965986642611479,0.0,3.028362772085281,0.0,0.23202469841397044,0.21369245293032368,0.4377960237737425,2020
Jan Vertonghen,be BEL,DF,33,28.0,2407.0,0.0,0.0,0.0,2.0,0.0,0.0,0.0,0.0,2020
Haris Seferović,ch SUI,FW,28,30.86751211244838,2177.959853342128,20.32490112877426,6.482963350664171,0.890130323980734,1.9880446596186148,0.0,0.8165853799654808,0.26470323500063647,1.081288614966117,2020
Everton Soares,br BRA,MFFW,24,32.0,1964.0,7.0,8.0,0.0,2.0,0.0,0.32,0.37,0.69,2020
Julian Weigl,de GER,MF,24,27.009009009009006,1964.7927927927926,0.09909909909909909,0.0,0.0,9.504504504504503,0.0,0.006936936936936936,0.0,0.006936936936936936,2020
Pizzi,pt POR,MFFW,30,32.218624413761106,1955.1400411872432,7.250726823652115,5.132443741166118,0.5433451058825899,5.683396159339418,0.0002606098507854873,0.31968846533521844,0.21966752470665826,0.547396384173332,2020
Darwin Núñez,uy URU,FW,21,29.0,1791.0,6.0,9.0,0.0,2.0,0.0,0.3,0.45,0.75,2020
Adel Taarabt,ma MAR,MF,31,25.58827199001871,1626.0276267712322,0.09803047856697263,2.7715889849389534,0.0,4.359771856340789,0.09803047856697263,0.004901523928348632,0.1474913109348543,0.15337313964887264,2020
Odisseas Vlachodimos,gr GRE,GK,26,19.642990820782458,1767.804473754567,0.0,0.0,0.0,0.31565814098565187,0.010783352642366989,0.0,0.0,0.0,2020
Luca Waldschmidt,de GER,FWMF,24,27.0,1394.0,7.0,2.0,1.0,2.0,0.0,0.45,0.13,0.58,2020
Gilberto,br BRA,DF,27,25.0,1486.0,0.0,1.0,0.0,5.0,0.0,0.0,0.06,0.06,2020
Helton Leite,br BRA,GK,29,15.0,1350.0,0.0,0.0,0.0,1.0,0.0,0.0,0.0,0.0,2020
Lucas Veríssimo,br BRA,DF,25,14.0,1133.0,2.0,0.0,0.0,4.0,0.0,0.16,0.0,0.16,2020
Diogo Gonçalves,pt POR,DFMF,23,18.701030147823943,1052.4871024566705,0.890130323980734,4.451836383364888,0.0,4.451836383364888,0.0,0.07121042591845872,0.3386049521510444,0.40981537806950313,2020
Gabriel,br BRA,MF,26,20.163710899206844,1094.59165849746,1.0872471259246055,1.989216647357633,0.0,7.163710899206844,0.10881383120933961,0.09099010783352642,0.16303983602174493,0.25402994385527133,2020
Nuno Tavares,pt POR,DF,20,13.702702702702702,662.1351351351351,0.09909909909909909,0.39639639639639634,0.0,2.9009009009009006,0.0,0.00990990990990991,0.03864864864864864,0.04855855855855855,2020
Franco Cervi,ar ARG,MFDF,26,14.967431269377338,585.7411777084411,0.24269428841578436,0.1279928011368616,0.0,0.43612822368865534,0.0,0.014685631050556633,0.008149330182777526,0.022833658163348085,2020
Jardel,br BRA,DF,34,8.335020897370255,437.0908212097502,0.023956487374843505,0.003611104156103028,0.0,1.0371490027413643,0.01076900023115033,0.0012809955235442484,0.00014401416007410884,0.001425009683618357,2020
Pedrinho,br BRA,MFFW,22,19.0,474.0,0.0,0.0,0.0,0.0,0.0,0.0,0.0,0.0,2020
André Almeida,pt POR,DF,29,6.206029773754588,482.6977147285494,0.4156374850078056,1.4084275281281797,0.0,2.6363197006657435,1.4333539003717749e-05,0.01836278874576283,0.3063591293589055,0.32472191810466833,2020
Chiquinho,pt POR,MF,25,18.693693693693692,470.5585585585585,1.9999999999999998,0.39639639639639634,0.0,2.9009009009009006,0.0,0.4713513513513513,0.02378378378378378,0.4951351351351351,2020
Francisco Reis Ferreira,pt POR,DF,23,6.2537207022547,415.9168523304518,0.1195971838517066,0.0,0.0,1.1960609571339451,0.010783352642366989,0.005646555565457624,0.0,0.005646555565457624,2020
Rúben Dias,pt POR,DF,23,5.384526508526113,484.4543358693146,1.1218250164006511,0.20659924819592837,0.0,1.5900611608545605,0.0,0.4520633933014132,0.006197977445877851,0.4583690765164928,2020
Morato,br BRA,DF,19,2.0,91.0,0.0,0.0,0.0,0.0,0.0,0.0,0.0,0.0,2020
João Ferreira,pt POR,DF,19,1.0,90.0,0.0,0.0,0.0,0.0,0.0,0.0,0.0,0.0,2020
Mile Svilar,rs SRB,GK,20,1.0023695269224366,89.27621723096478,0.0,0.0,0.0,0.0011847634612183568,0.0,0.0,0.0,0.0,2020
Andreas Samaris,gr GRE,MFFW,31,7.135111651484529,153.2513809916926,0.022751261511577234,0.032324493216709264,0.0,0.32677784322423714,0.0,0.0016027839662372523,0.0020469532109864724,0.003649880512641657,2020
Gonçalo Ramos,pt POR,FWMF,19,3.702702702702702,87.98198198198197,1.9999999999999998,0.0,0.0,0.0,0.0,4.648648648648648,0.0,4.648648648648648,2020
Carlos Vinícius,br BRA,FW,25,4.072072072072071,193.2162162162162,1.7837837837837835,0.49549549549549543,0.0,0.19819819819819817,0.0,0.09018018018018018,0.02477477477477477,0.11495495495495493,2020
Facundo Ferreyra,ar ARG,FW,29,0.9451029320024952,9.300775331966847,0.010783352642366989,0.0,0.0,0.010783352642366989,0.0,0.0034506728455574367,0.0,0.0034506728455574367,2020
Odisseas Vlachodimos,gr GRE,GK,27,30.64233940491227,2757.803437861337,0.0,0.0,0.0,0.9248115816636714,0.0011847634612183568,0.0,0.0,0.0,2021
Jan Vertonghen,be BEL,DF,34,27.999999999999996,2472.7657657657655,0.0,1.8018018018018016,0.0,5.603603603603603,0.0,0.0,0.06306306306306306,0.06306306306306306,2021
Nicolás Otamendi,ar ARG,DF,33,27.9009009009009,2466.036036036036,0.09909909909909909,0.9009009009009008,0.0,7.594594594594594,0.0,0.003963963963963963,0.036036036036036036,0.04,2021
Julian Weigl,de GER,MF,25,28.783352642366985,2364.228856608145,1.7931556902236876,2.6735585063719807,0.0,9.054897067997503,0.0,0.06313786650031192,0.09803047856697263,0.17008020675519112,2021
Álex Grimaldo,es ESP,DFMF,25,29.169028104342964,2337.7947569333232,4.650698238267519,5.410610325952886,0.0,3.966459096089667,0.0,0.1761024040088366,0.20432528094367688,0.38932652697303605,2021
Darwin Núñez,uy URU,FWMF,22,28.099099099099096,1957.6666666666665,24.018018018018015,4.495495495495495,3.603603603603603,5.603603603603603,0.0,1.0927927927927925,0.20675675675675673,1.3085585585585586,2021
Rafa Silva,pt POR,MFFW,28,28.062066822443157,2045.8118631887253,7.7054542624602576,13.006272774544602,0.0,3.8931214369021054,0.0,0.33702290283626074,0.5753068104442283,0.9114584017369076,2021
João Mário,pt POR,MF,28,28.0,1734.0,3.0,3.0,0.0,2.0,0.0,0.16,0.16,0.31,2021
Everton Soares,br BRA,MFFW,25,27.495495495495494,1637.8738738738737,3.3963963963963963,5.2972972972972965,0.0,4.702702702702702,0.0,0.18486486486486486,0.2889189189189189,0.4737837837837837,2021
Gonçalo Ramos,pt POR,FWMF,20,26.247304161839402,1443.492202121023,6.455930843953301,0.8911861687906603,0.0,3.564744675162641,0.0,0.8533998752339362,0.05347117012743961,0.906871045361376,2021
Gilberto,br BRA,DFMF,28,21.396396396396394,1361.6756756756756,1.8018018018018016,2.8018018018018016,0.0,4.999999999999999,0.0,0.11711711711711711,0.1861261261261261,0.3032432432432432,2021
Roman Yaremchuk,ua UKR,FW,25,23.0,1068.0,6.0,3.0,0.0,2.0,0.0,0.51,0.25,0.76,2021
Valentino Lazaro,at AUT,DFMF,25,18.0,1028.0,0.0,1.0,0.0,2.0,0.0,0.0,0.09,0.09,2021
Morato,br BRA,DF,20,12.81081081081081,920.7297297297296,0.0,0.0,0.0,0.9009009009009008,0.0,0.0,0.0,0.0,2021
Soualiho Meïté,fr FRA,MF,27,17.0,885.0,0.0,0.0,0.0,1.0,0.0,0.0,0.0,0.0,2021
Diogo Gonçalves,pt POR,MFFW,24,22.527174936705073,882.9508508719484,0.09790157671468315,1.3796525243418698,0.0,4.939709859421257,0.8900143337698468,0.007832126137174652,0.12624312462814646,0.13407525076532112,2021
Lucas Veríssimo,br BRA,DF,26,10.396396396396394,866.3333333333333,2.9009009009009006,0.9009009009009008,0.0,3.099099099099099,0.0,0.30414414414414415,0.09909909909909909,0.4032432432432432,2021
Adel Taarabt,ma MAR,MF,32,23.284372604993095,947.7237284710855,0.9009009009009009,3.865034879756745,0.0,3.1493976933162786,0.9009009009009009,0.08955156124408174,0.39005955861997754,0.47971882563326096,2021
André Almeida,pt POR,DF,30,14.032663275336308,769.5467486283247,0.045720123340304446,0.15492702805833594,0.0,2.9599951670824667,0.8900015767146827,0.0020199067615676303,0.0336995042217003,0.03571941098326793,2021
Paulo Bernardo,pt POR,MF,19,17.0,779.0,0.0,0.0,0.0,3.0,0.0,0.0,0.0,0.0,2021
Gil Bastião Dias,pt POR,DFFW,24,12.0,653.0,1.0,1.0,0.0,1.0,0.0,0.14,0.14,0.28,2021
Haris Seferović,ch SUI,FW,29,12.295127222253427,589.3199986639105,4.905490793019771,2.493061710808159,0.98791591048453,0.2186564163834515,0.0,0.7039225773505003,0.4385201551889514,1.142442732539452,2021
Pizzi,pt POR,MFFW,31,16.004048337939885,502.5353733927256,1.6875798313507362,3.234568770845638,0.05976795128117911,2.405173507255722,2.8667078614504285e-05,0.2843657304296998,0.7717634395523987,1.048113612992385,2021
Helton Leite,br BRA,GK,30,3.288288288288288,295.94594594594594,0.0,0.0,0.0,0.09909909909909909,0.0,0.0,0.0,0.0,2021
Sandro Cruz,pt POR,DF,20,2.0,161.0,0.0,0.0,0.0,0.0,0.0,0.0,0.0,0.0,2021
Luca Waldschmidt,de GER,FWMF,25,4.477477477477477,264.2702702702702,2.4954954954954953,0.19819819819819817,0.09909909909909909,0.19819819819819817,0.0,1.2067567567567568,0.012882882882882881,1.2196396396396396,2021
Nemanja Radonjić,rs SRB,DFMF,25,6.0,138.0,0.0,0.0,0.0,2.0,0.0,0.0,0.0,0.0,2021
Henrique Araújo,pt POR,FW,19,4.0,122.0,3.0,0.0,0.0,0.0,0.0,2.21,0.0,2.21,2021
Tomás Araújo,pt POR,DF,19,3.0,96.0,0.0,0.0,0.0,0.0,0.0,0.0,0.0,0.0,2021
Tiago Gouveia,pt POR,FWMF,20,2.0,86.0,0.0,1.0,0.0,0.0,0.0,0.0,1.05,1.05,2021
Rodrigo Pinho,br BRA,FW,30,3.0,84.0,1.0,0.0,0.0,0.0,0.0,1.07,0.0,1.07,2021
Gedson Fernandes,pt POR,MF,22,2.771849806530174,48.098503601912356,0.0,0.0023695269224367137,0.0,0.0023695269224367137,0.0,0.0,0.00020140978840712067,0.00020140978840712067,2021
Diego Moreira,pt POR,FW,16,1.0,23.0,0.0,0.0,0.0,0.0,0.0,0.0,0.0,0.0,2021
Martim Carvalho,pt POR,MF,18,1.0,22.0,0.0,0.0,0.0,0.0,0.0,0.0,0.0,0.0,2021
Carlos Vinícius,br BRA,FW,26,1.3342839319133766,27.26289991979324,0.1941003475626058,0.053916763211834945,0.0,0.021566705284733978,0.0,0.009812850904553961,0.0026958381605917472,0.012508689065145706,2021
Odisseas Vlachodimos,gr GRE,GK,28,33.630705462474545,3026.762709780718,0.0,0.0,0.0,0.9917303517164874,0.00013030699860724327,0.0,0.0,0.0,2022
Álex Grimaldo,es ESP,DF,27,32.578593164564786,2879.097434865969,4.071576793795445,10.385167242488862,0.0,3.106310482131814,0.0,0.12617126337065368,0.3250757834921988,0.4522259193153383,2022
Nicolás Otamendi,ar ARG,DF,35,31.55396132252027,2804.6546653595933,0.010783352642366989,0.9892166473576329,0.0,11.520630959807502,0.8911861687906603,0.0004313341056946796,0.030656804206398713,0.031088138312093394,2022
António Silva,pt POR,DF,19,31.0,2776.0,4.0,0.0,0.0,3.0,0.0,0.13,0.0,0.13,2022
João Mário,pt POR,FW,30,32.5045045045045,2598.8648648648646,21.018018018018015,7.504504504504504,10.81081081081081,6.504504504504504,0.9009009009009008,0.7095495495495494,0.25909909909909906,0.9676576576576577,2022
Florentino Luís,pt POR,MF,23,30.273766815941947,2265.18990197569,0.00013030699860724327,2.6700430013095406,0.0,5.341400918695936,0.0,1.4333769846796759e-05,0.09790157671468315,0.09791591048452995,2022
Alexander Bah,dk DEN,DF,25,32.0,2391.0,1.0,5.0,0.0,2.0,0.0,0.04,0.19,0.23,2022
Gonçalo Ramos,pt POR,FW,21,29.587692524062444,2148.927425004295,18.51191750984262,2.768305307580083,0.0,5.732439286435927,0.890130323980734,0.8147683302312292,0.11269049901596093,0.92745882924719,2022
Rafa Silva,pt POR,MFFW,29,28.00682733970413,2144.7693242347696,10.637600540262989,4.990688443189281,0.0,5.768243723467519,0.0,0.44647254064062675,0.21458367885413165,0.6609603753760811,2022
Fredrik Aursnes,no NOR,FWMF,27,28.0,1876.0,1.0,2.0,0.0,5.0,0.0,0.05,0.1,0.14,2022
Enzo Fernández,ar ARG,MF,22,22.0,1809.0,1.0,6.0,0.0,6.0,0.0,0.05,0.3,0.35,2022
David Neres,br BRA,FWMF,26,30.0,1802.0,9.0,6.0,0.0,3.0,0.0,0.45,0.3,0.75,2022
Chiquinho,pt POR,MFFW,27,21.58661724663108,994.560477679537,0.023910680762770475,0.8948693778256074,0.0,0.03468125768293736,0.0,0.005635165844631312,0.07149476914915112,0.07712993499378243,2022
Gilberto,br BRA,DF,30,19.260761072988146,739.9167632118348,1.9784332947152659,1.1960609571339451,0.0,2.3264414936280184,0.0,0.25336422778718476,0.145019160502629,0.3983833882898137,2022
Petar Musa,hr CRO,FW,25,26.0,663.0,6.0,2.0,0.0,1.0,0.0,0.81,0.27,1.09,2022
Morato,br BRA,DF,21,7.632296586756972,530.6310489261206,0.8911861687906603,0.0,0.0,0.9892166473576329,0.0,0.16932537207022544,0.0,0.16932537207022544,2022
Julian Draxler,de GER,MF,29,13.0,439.0,1.0,0.0,0.0,0.0,0.0,0.21,0.0,0.21,2022
Diogo Gonçalves,pt POR,FWMF,26,14.937975798308342,401.50374068299027,0.010769019077974206,0.15175960239039296,0.0,0.5433602961349095,0.09790017343612915,0.0008615215262379365,0.01388654466256095,0.014748066188798887,2022
Gonçalo Guedes,pt POR,FW,26,6.230028458953217,302.6020372978486,0.8900036757846277,0.8900054449876842,0.0,0.8900015978658075,0.0,0.2314002873454116,0.23140047374950334,0.4717007611159007,2022
Mihailo Ristić,rs SRB,DFMF,27,6.0,112.0,1.0,1.0,0.0,0.0,0.0,0.8,0.8,1.61,2022
João Neves,pt POR,FW,18,12.0,80.0,0.0,1.0,0.0,0.0,0.0,0.0,1.13,1.13,2022
Henrique Araújo,pt POR,FW,21,5.801801801801801,84.16216216216215,1.198198198198198,0.0,0.0,0.0,0.0,1.2370270270270267,0.0,1.2370270270270267,2022
Rodrigo Pinho,br BRA,FW,31,3.9009009009009006,63.27927927927927,0.09909909909909909,0.0,0.0,0.0,0.0,0.10603603603603602,0.0,0.10603603603603602,2022
Julian Weigl,de GER,MF,27,4.942678277526612,311.38461730181916,0.19701343473697983,0.2937430069136422,0.0,1.8849889312294215,0.0,0.006936936936936937,0.01077057692016688,0.018686657213482626,2022
Roman Yaremchuk,ua UKR,FW,27,4.081081081081081,150.88288288288288,0.5945945945945945,0.29729729729729726,0.0,0.19819819819819817,0.0,0.05054054054054054,0.02477477477477477,0.07531531531531531,2022
Lucas Veríssimo,br BRA,DF,27,4.696016397825505,109.4192139737991,0.31565814098565187,0.09803047856697263,0.0,0.33722484627038585,0.0,0.03309508956420996,0.010783352642366989,0.04387844220657695,2022
Casper Tengstedt,dk DEN,FW,22,2.0,12.0,0.0,0.0,0.0,0.0,0.0,0.0,0.0,0.0,2022
John Brooks,us USA,DF,30,2.0,4.0,0.0,0.0,0.0,0.0,0.0,0.0,0.0,0.0,2022
Jan Vertonghen,be BEL,DF,35,3.9379734426521695,270.85348899385076,0.0,0.19606095713394525,0.0,0.6097495766865697,0.0,0.0,0.006862133499688085,0.006862133499688085,2022
Andreas Schjelderup,no NOR,FW,18,1.0,1.0,0.0,0.0,0.0,0.0,0.0,0.0,0.0,0.0,2022
Cher Ndour,it ITA,MF,18,1.0,1.0,0.0,0.0,0.0,0.0,0.0,0.0,0.0,0.0,2022
